<annotation>
	<folder>images</folder>
	<filename>img17.jpg</filename>
	<path>content\drive\My Drive\logos\train\images\img17.jpg</path>
	<source>
		<database>Unknown</database>
	</source>
	<size>
		<width>540</width>
		<height>540</height>
		<depth>3</depth>
	</size>
	<segmented>0</segmented>
	<object>
		<name>chevlogo</name>
		<pose>Unspecified</pose>
		<truncated>0</truncated>
		<difficult>0</difficult>
		<bndbox>
			<xmin>78</xmin>
			<ymin>186</ymin>
			<xmax>174</xmax>
			<ymax>264</ymax>
		</bndbox>
	</object>
	<object>
		<name>chevlogo</name>
		<pose>Unspecified</pose>
		<truncated>0</truncated>
		<difficult>0</difficult>
		<bndbox>
			<xmin>135</xmin>
			<ymin>420</ymin>
			<xmax>162</xmax>
			<ymax>441</ymax>
		</bndbox>
	</object>
</annotation>
