<annotation>
	<folder>images</folder>
	<filename>img100.jpg</filename>
	<path>content\drive\My Drive\logos\train\images\img100.jpg</path>
	<source>
		<database>Unknown</database>
	</source>
	<size>
		<width>540</width>
		<height>540</height>
		<depth>3</depth>
	</size>
	<segmented>0</segmented>
	<object>
		<name>chevlogo</name>
		<pose>Unspecified</pose>
		<truncated>0</truncated>
		<difficult>0</difficult>
		<bndbox>
			<xmin>32</xmin>
			<ymin>127</ymin>
			<xmax>195</xmax>
			<ymax>232</ymax>
		</bndbox>
	</object>
</annotation>
