<annotation>
	<folder>images</folder>
	<filename>img16.jpg</filename>
	<path>content\drive\My Drive\logos\train\images\img16.jpg</path>
	<source>
		<database>Unknown</database>
	</source>
	<size>
		<width>604</width>
		<height>398</height>
		<depth>3</depth>
	</size>
	<segmented>0</segmented>
	<object>
		<name>chevlogo</name>
		<pose>Unspecified</pose>
		<truncated>0</truncated>
		<difficult>0</difficult>
		<bndbox>
			<xmin>79</xmin>
			<ymin>161</ymin>
			<xmax>486</xmax>
			<ymax>348</ymax>
		</bndbox>
	</object>
</annotation>
