<annotation>
	<folder>images</folder>
	<filename>img13.jpg</filename>
	<path>content\drive\My Drive\logos\train\images\img13.jpg</path>
	<source>
		<database>Unknown</database>
	</source>
	<size>
		<width>607</width>
		<height>404</height>
		<depth>3</depth>
	</size>
	<segmented>0</segmented>
	<object>
		<name>chevlogo</name>
		<pose>Unspecified</pose>
		<truncated>0</truncated>
		<difficult>0</difficult>
		<bndbox>
			<xmin>364</xmin>
			<ymin>165</ymin>
			<xmax>500</xmax>
			<ymax>280</ymax>
		</bndbox>
	</object>
</annotation>
