<annotation>
	<folder>images</folder>
	<filename>img18.jpg</filename>
	<path>content\drive\My Drive\logos\train\images\img18.jpg</path>
	<source>
		<database>Unknown</database>
	</source>
	<size>
		<width>653</width>
		<height>435</height>
		<depth>3</depth>
	</size>
	<segmented>0</segmented>
	<object>
		<name>chevlogo</name>
		<pose>Unspecified</pose>
		<truncated>0</truncated>
		<difficult>0</difficult>
		<bndbox>
			<xmin>182</xmin>
			<ymin>50</ymin>
			<xmax>284</xmax>
			<ymax>134</ymax>
		</bndbox>
	</object>
	<object>
		<name>chevlogo</name>
		<pose>Unspecified</pose>
		<truncated>0</truncated>
		<difficult>0</difficult>
		<bndbox>
			<xmin>259</xmin>
			<ymin>212</ymin>
			<xmax>316</xmax>
			<ymax>253</ymax>
		</bndbox>
	</object>
</annotation>
