<annotation>
	<folder>images</folder>
	<filename>img19.jpg</filename>
	<path>content\drive\My Drive\logos\train\images\img19.jpg</path>
	<source>
		<database>Unknown</database>
	</source>
	<size>
		<width>582</width>
		<height>327</height>
		<depth>3</depth>
	</size>
	<segmented>0</segmented>
	<object>
		<name>chevlogo</name>
		<pose>Unspecified</pose>
		<truncated>0</truncated>
		<difficult>0</difficult>
		<bndbox>
			<xmin>167</xmin>
			<ymin>42</ymin>
			<xmax>431</xmax>
			<ymax>291</ymax>
		</bndbox>
	</object>
</annotation>
