<annotation>
	<folder>images</folder>
	<filename>img12.jpg</filename>
	<path>content\drive\My Drive\logos\train\images\img12.jpg</path>
	<source>
		<database>Unknown</database>
	</source>
	<size>
		<width>425</width>
		<height>428</height>
		<depth>3</depth>
	</size>
	<segmented>0</segmented>
	<object>
		<name>chevlogo</name>
		<pose>Unspecified</pose>
		<truncated>0</truncated>
		<difficult>0</difficult>
		<bndbox>
			<xmin>162</xmin>
			<ymin>128</ymin>
			<xmax>336</xmax>
			<ymax>289</ymax>
		</bndbox>
	</object>
</annotation>
