<annotation>
	<folder>images</folder>
	<filename>img1.jpg</filename>
	<path>content\drive\My Drive\logos\train\images\img1.jpg</path>
	<source>
		<database>Unknown</database>
	</source>
	<size>
		<width>410</width>
		<height>230</height>
		<depth>3</depth>
	</size>
	<segmented>0</segmented>
	<object>
		<name>chevlogo</name>
		<pose>Unspecified</pose>
		<truncated>0</truncated>
		<difficult>0</difficult>
		<bndbox>
			<xmin>253</xmin>
			<ymin>24</ymin>
			<xmax>330</xmax>
			<ymax>92</ymax>
		</bndbox>
	</object>
</annotation>
