<annotation>
	<folder>images</folder>
	<filename>img15.jpg</filename>
	<path>content\drive\My Drive\logos\train\images\img15.jpg</path>
	<source>
		<database>Unknown</database>
	</source>
	<size>
		<width>553</width>
		<height>415</height>
		<depth>3</depth>
	</size>
	<segmented>0</segmented>
	<object>
		<name>chevlogo</name>
		<pose>Unspecified</pose>
		<truncated>0</truncated>
		<difficult>0</difficult>
		<bndbox>
			<xmin>126</xmin>
			<ymin>107</ymin>
			<xmax>428</xmax>
			<ymax>373</ymax>
		</bndbox>
	</object>
</annotation>
