<annotation>
	<folder>images</folder>
	<filename>img26.jpg</filename>
	<path>content\drive\My Drive\logos\train\images\img26.jpg</path>
	<source>
		<database>Unknown</database>
	</source>
	<size>
		<width>390</width>
		<height>585</height>
		<depth>3</depth>
	</size>
	<segmented>0</segmented>
	<object>
		<name>chevlogo</name>
		<pose>Unspecified</pose>
		<truncated>0</truncated>
		<difficult>0</difficult>
		<bndbox>
			<xmin>147</xmin>
			<ymin>296</ymin>
			<xmax>251</xmax>
			<ymax>392</ymax>
		</bndbox>
	</object>
</annotation>
