<annotation>
	<folder>images</folder>
	<filename>img29.jpg</filename>
	<path>content\drive\My Drive\logos\train\images\img29.jpg</path>
	<source>
		<database>Unknown</database>
	</source>
	<size>
		<width>707</width>
		<height>524</height>
		<depth>3</depth>
	</size>
	<segmented>0</segmented>
	<object>
		<name>chevlogo</name>
		<pose>Unspecified</pose>
		<truncated>0</truncated>
		<difficult>0</difficult>
		<bndbox>
			<xmin>243</xmin>
			<ymin>253</ymin>
			<xmax>339</xmax>
			<ymax>461</ymax>
		</bndbox>
	</object>
</annotation>
