<annotation>
	<folder>images</folder>
	<filename>img24.jpg</filename>
	<path>content\drive\My Drive\logos\train\images\img24.jpg</path>
	<source>
		<database>Unknown</database>
	</source>
	<size>
		<width>541</width>
		<height>300</height>
		<depth>3</depth>
	</size>
	<segmented>0</segmented>
	<object>
		<name>chevlogo</name>
		<pose>Unspecified</pose>
		<truncated>0</truncated>
		<difficult>0</difficult>
		<bndbox>
			<xmin>33</xmin>
			<ymin>79</ymin>
			<xmax>262</xmax>
			<ymax>278</ymax>
		</bndbox>
	</object>
</annotation>
