<annotation>
	<folder>images</folder>
	<filename>img22.jpg</filename>
	<path>content\drive\My Drive\logos\train\images\img22.jpg</path>
	<source>
		<database>Unknown</database>
	</source>
	<size>
		<width>563</width>
		<height>377</height>
		<depth>3</depth>
	</size>
	<segmented>0</segmented>
	<object>
		<name>chevlogo</name>
		<pose>Unspecified</pose>
		<truncated>0</truncated>
		<difficult>0</difficult>
		<bndbox>
			<xmin>216</xmin>
			<ymin>161</ymin>
			<xmax>274</xmax>
			<ymax>222</ymax>
		</bndbox>
	</object>
</annotation>
