<annotation>
	<folder>images</folder>
	<filename>img23.jpg</filename>
	<path>content\drive\My Drive\logos\train\images\img23.jpg</path>
	<source>
		<database>Unknown</database>
	</source>
	<size>
		<width>532</width>
		<height>399</height>
		<depth>3</depth>
	</size>
	<segmented>0</segmented>
	<object>
		<name>chevlogo</name>
		<pose>Unspecified</pose>
		<truncated>0</truncated>
		<difficult>0</difficult>
		<bndbox>
			<xmin>429</xmin>
			<ymin>44</ymin>
			<xmax>494</xmax>
			<ymax>99</ymax>
		</bndbox>
	</object>
</annotation>
