<annotation>
	<folder>images</folder>
	<filename>img36.jpg</filename>
	<path>content\drive\My Drive\logos\train\images\img36.jpg</path>
	<source>
		<database>Unknown</database>
	</source>
	<size>
		<width>423</width>
		<height>284</height>
		<depth>3</depth>
	</size>
	<segmented>0</segmented>
	<object>
		<name>chevlogo</name>
		<pose>Unspecified</pose>
		<truncated>0</truncated>
		<difficult>0</difficult>
		<bndbox>
			<xmin>126</xmin>
			<ymin>54</ymin>
			<xmax>194</xmax>
			<ymax>135</ymax>
		</bndbox>
	</object>
	<object>
		<name>chevlogo</name>
		<pose>Unspecified</pose>
		<truncated>0</truncated>
		<difficult>0</difficult>
		<bndbox>
			<xmin>248</xmin>
			<ymin>204</ymin>
			<xmax>318</xmax>
			<ymax>278</ymax>
		</bndbox>
	</object>
</annotation>
