<annotation>
	<folder>images</folder>
	<filename>img38.jpg</filename>
	<path>content\drive\My Drive\logos\train\images\img38.jpg</path>
	<source>
		<database>Unknown</database>
	</source>
	<size>
		<width>589</width>
		<height>331</height>
		<depth>3</depth>
	</size>
	<segmented>0</segmented>
	<object>
		<name>chevlogo</name>
		<pose>Unspecified</pose>
		<truncated>0</truncated>
		<difficult>0</difficult>
		<bndbox>
			<xmin>88</xmin>
			<ymin>185</ymin>
			<xmax>157</xmax>
			<ymax>250</ymax>
		</bndbox>
	</object>
	<object>
		<name>chevlogo</name>
		<pose>Unspecified</pose>
		<truncated>0</truncated>
		<difficult>0</difficult>
		<bndbox>
			<xmin>336</xmin>
			<ymin>282</ymin>
			<xmax>351</xmax>
			<ymax>307</ymax>
		</bndbox>
	</object>
</annotation>
