<annotation>
	<folder>images</folder>
	<filename>img31.jpg</filename>
	<path>content\drive\My Drive\logos\train\images\img31.jpg</path>
	<source>
		<database>Unknown</database>
	</source>
	<size>
		<width>576</width>
		<height>384</height>
		<depth>3</depth>
	</size>
	<segmented>0</segmented>
	<object>
		<name>chevlogo</name>
		<pose>Unspecified</pose>
		<truncated>0</truncated>
		<difficult>0</difficult>
		<bndbox>
			<xmin>117</xmin>
			<ymin>183</ymin>
			<xmax>196</xmax>
			<ymax>249</ymax>
		</bndbox>
	</object>
</annotation>
