<annotation>
	<folder>images</folder>
	<filename>img37.jpg</filename>
	<path>content\drive\My Drive\logos\train\images\img37.jpg</path>
	<source>
		<database>Unknown</database>
	</source>
	<size>
		<width>576</width>
		<height>324</height>
		<depth>3</depth>
	</size>
	<segmented>0</segmented>
	<object>
		<name>chevlogo</name>
		<pose>Unspecified</pose>
		<truncated>0</truncated>
		<difficult>0</difficult>
		<bndbox>
			<xmin>241</xmin>
			<ymin>73</ymin>
			<xmax>505</xmax>
			<ymax>286</ymax>
		</bndbox>
	</object>
</annotation>
