<annotation>
	<folder>images</folder>
	<filename>img35.jpg</filename>
	<path>content\drive\My Drive\logos\train\images\img35.jpg</path>
	<source>
		<database>Unknown</database>
	</source>
	<size>
		<width>588</width>
		<height>331</height>
		<depth>3</depth>
	</size>
	<segmented>0</segmented>
	<object>
		<name>chevlogo</name>
		<pose>Unspecified</pose>
		<truncated>1</truncated>
		<difficult>0</difficult>
		<bndbox>
			<xmin>144</xmin>
			<ymin>84</ymin>
			<xmax>384</xmax>
			<ymax>331</ymax>
		</bndbox>
	</object>
	<object>
		<name>chevlogo</name>
		<pose>Unspecified</pose>
		<truncated>0</truncated>
		<difficult>0</difficult>
		<bndbox>
			<xmin>412</xmin>
			<ymin>129</ymin>
			<xmax>510</xmax>
			<ymax>223</ymax>
		</bndbox>
	</object>
</annotation>
