<annotation>
	<folder>images</folder>
	<filename>img3.jpg</filename>
	<path>content\drive\My Drive\logos\train\images\img3.jpg</path>
	<source>
		<database>Unknown</database>
	</source>
	<size>
		<width>604</width>
		<height>340</height>
		<depth>3</depth>
	</size>
	<segmented>0</segmented>
	<object>
		<name>chevlogo</name>
		<pose>Unspecified</pose>
		<truncated>0</truncated>
		<difficult>0</difficult>
		<bndbox>
			<xmin>227</xmin>
			<ymin>58</ymin>
			<xmax>266</xmax>
			<ymax>117</ymax>
		</bndbox>
	</object>
</annotation>
