<annotation>
	<folder>images</folder>
	<filename>img30.jpg</filename>
	<path>content\drive\My Drive\logos\train\images\img30.jpg</path>
	<source>
		<database>Unknown</database>
	</source>
	<size>
		<width>571</width>
		<height>226</height>
		<depth>3</depth>
	</size>
	<segmented>0</segmented>
	<object>
		<name>chevlogo</name>
		<pose>Unspecified</pose>
		<truncated>0</truncated>
		<difficult>0</difficult>
		<bndbox>
			<xmin>93</xmin>
			<ymin>25</ymin>
			<xmax>243</xmax>
			<ymax>194</ymax>
		</bndbox>
	</object>
</annotation>
