<annotation>
	<folder>images</folder>
	<filename>img32.jpg</filename>
	<path>content\drive\My Drive\logos\train\images\img32.jpg</path>
	<source>
		<database>Unknown</database>
	</source>
	<size>
		<width>440</width>
		<height>293</height>
		<depth>3</depth>
	</size>
	<segmented>0</segmented>
	<object>
		<name>chevlogo</name>
		<pose>Unspecified</pose>
		<truncated>0</truncated>
		<difficult>0</difficult>
		<bndbox>
			<xmin>96</xmin>
			<ymin>69</ymin>
			<xmax>346</xmax>
			<ymax>252</ymax>
		</bndbox>
	</object>
</annotation>
