<annotation>
	<folder>images</folder>
	<filename>img33.jpg</filename>
	<path>content\drive\My Drive\logos\train\images\img33.jpg</path>
	<source>
		<database>Unknown</database>
	</source>
	<size>
		<width>558</width>
		<height>373</height>
		<depth>3</depth>
	</size>
	<segmented>0</segmented>
	<object>
		<name>chevlogo</name>
		<pose>Unspecified</pose>
		<truncated>0</truncated>
		<difficult>0</difficult>
		<bndbox>
			<xmin>323</xmin>
			<ymin>29</ymin>
			<xmax>364</xmax>
			<ymax>95</ymax>
		</bndbox>
	</object>
</annotation>
