<annotation>
	<folder>images</folder>
	<filename>img4.jpg</filename>
	<path>content\drive\My Drive\logos\train\images\img4.jpg</path>
	<source>
		<database>Unknown</database>
	</source>
	<size>
		<width>588</width>
		<height>392</height>
		<depth>3</depth>
	</size>
	<segmented>0</segmented>
	<object>
		<name>chevlogo</name>
		<pose>Unspecified</pose>
		<truncated>0</truncated>
		<difficult>0</difficult>
		<bndbox>
			<xmin>308</xmin>
			<ymin>92</ymin>
			<xmax>479</xmax>
			<ymax>270</ymax>
		</bndbox>
	</object>
</annotation>
