<annotation>
	<folder>images</folder>
	<filename>img42.jpg</filename>
	<path>content\drive\My Drive\logos\train\images\img42.jpg</path>
	<source>
		<database>Unknown</database>
	</source>
	<size>
		<width>413</width>
		<height>310</height>
		<depth>3</depth>
	</size>
	<segmented>0</segmented>
	<object>
		<name>chevlogo</name>
		<pose>Unspecified</pose>
		<truncated>0</truncated>
		<difficult>0</difficult>
		<bndbox>
			<xmin>186</xmin>
			<ymin>82</ymin>
			<xmax>389</xmax>
			<ymax>261</ymax>
		</bndbox>
	</object>
</annotation>
