<annotation>
	<folder>images</folder>
	<filename>img46.jpg</filename>
	<path>content\drive\My Drive\logos\train\images\img46.jpg</path>
	<source>
		<database>Unknown</database>
	</source>
	<size>
		<width>750</width>
		<height>421</height>
		<depth>3</depth>
	</size>
	<segmented>0</segmented>
	<object>
		<name>chevlogo</name>
		<pose>Unspecified</pose>
		<truncated>0</truncated>
		<difficult>0</difficult>
		<bndbox>
			<xmin>100</xmin>
			<ymin>53</ymin>
			<xmax>249</xmax>
			<ymax>205</ymax>
		</bndbox>
	</object>
</annotation>
