<annotation>
	<folder>images</folder>
	<filename>img47.jpg</filename>
	<path>content\drive\My Drive\logos\train\images\img47.jpg</path>
	<source>
		<database>Unknown</database>
	</source>
	<size>
		<width>538</width>
		<height>302</height>
		<depth>3</depth>
	</size>
	<segmented>0</segmented>
	<object>
		<name>chevlogo</name>
		<pose>Unspecified</pose>
		<truncated>0</truncated>
		<difficult>0</difficult>
		<bndbox>
			<xmin>130</xmin>
			<ymin>63</ymin>
			<xmax>399</xmax>
			<ymax>294</ymax>
		</bndbox>
	</object>
</annotation>
