<annotation>
	<folder>images</folder>
	<filename>img49.jpg</filename>
	<path>content\drive\My Drive\logos\train\images\img49.jpg</path>
	<source>
		<database>Unknown</database>
	</source>
	<size>
		<width>664</width>
		<height>459</height>
		<depth>3</depth>
	</size>
	<segmented>0</segmented>
	<object>
		<name>chevlogo</name>
		<pose>Unspecified</pose>
		<truncated>0</truncated>
		<difficult>0</difficult>
		<bndbox>
			<xmin>233</xmin>
			<ymin>180</ymin>
			<xmax>458</xmax>
			<ymax>397</ymax>
		</bndbox>
	</object>
</annotation>
