<annotation>
	<folder>images</folder>
	<filename>img45.jpg</filename>
	<path>content\drive\My Drive\logos\train\images\img45.jpg</path>
	<source>
		<database>Unknown</database>
	</source>
	<size>
		<width>500</width>
		<height>500</height>
		<depth>3</depth>
	</size>
	<segmented>0</segmented>
	<object>
		<name>chevlogo</name>
		<pose>Unspecified</pose>
		<truncated>0</truncated>
		<difficult>0</difficult>
		<bndbox>
			<xmin>140</xmin>
			<ymin>133</ymin>
			<xmax>368</xmax>
			<ymax>315</ymax>
		</bndbox>
	</object>
</annotation>
