<annotation>
	<folder>images</folder>
	<filename>img40.jpg</filename>
	<path>content\drive\My Drive\logos\train\images\img40.jpg</path>
	<source>
		<database>Unknown</database>
	</source>
	<size>
		<width>380</width>
		<height>380</height>
		<depth>3</depth>
	</size>
	<segmented>0</segmented>
	<object>
		<name>chevlogo</name>
		<pose>Unspecified</pose>
		<truncated>0</truncated>
		<difficult>0</difficult>
		<bndbox>
			<xmin>61</xmin>
			<ymin>95</ymin>
			<xmax>320</xmax>
			<ymax>346</ymax>
		</bndbox>
	</object>
</annotation>
