<annotation>
	<folder>images</folder>
	<filename>img57.jpg</filename>
	<path>content\drive\My Drive\logos\train\images\img57.jpg</path>
	<source>
		<database>Unknown</database>
	</source>
	<size>
		<width>630</width>
		<height>341</height>
		<depth>3</depth>
	</size>
	<segmented>0</segmented>
	<object>
		<name>chevlogo</name>
		<pose>Unspecified</pose>
		<truncated>0</truncated>
		<difficult>0</difficult>
		<bndbox>
			<xmin>241</xmin>
			<ymin>73</ymin>
			<xmax>577</xmax>
			<ymax>294</ymax>
		</bndbox>
	</object>
</annotation>
