<annotation>
	<folder>images</folder>
	<filename>img50.jpg</filename>
	<path>content\drive\My Drive\logos\train\images\img50.jpg</path>
	<source>
		<database>Unknown</database>
	</source>
	<size>
		<width>588</width>
		<height>338</height>
		<depth>3</depth>
	</size>
	<segmented>0</segmented>
	<object>
		<name>chevlogo</name>
		<pose>Unspecified</pose>
		<truncated>0</truncated>
		<difficult>0</difficult>
		<bndbox>
			<xmin>358</xmin>
			<ymin>98</ymin>
			<xmax>584</xmax>
			<ymax>321</ymax>
		</bndbox>
	</object>
</annotation>
