<annotation>
	<folder>images</folder>
	<filename>img5.jpg</filename>
	<path>content\drive\My Drive\logos\train\images\img5.jpg</path>
	<source>
		<database>Unknown</database>
	</source>
	<size>
		<width>590</width>
		<height>443</height>
		<depth>3</depth>
	</size>
	<segmented>0</segmented>
	<object>
		<name>chevlogo</name>
		<pose>Unspecified</pose>
		<truncated>0</truncated>
		<difficult>0</difficult>
		<bndbox>
			<xmin>193</xmin>
			<ymin>146</ymin>
			<xmax>269</xmax>
			<ymax>237</ymax>
		</bndbox>
	</object>
</annotation>
