<annotation>
	<folder>images</folder>
	<filename>img51.jpg</filename>
	<path>content\drive\My Drive\logos\train\images\img51.jpg</path>
	<source>
		<database>Unknown</database>
	</source>
	<size>
		<width>573</width>
		<height>383</height>
		<depth>3</depth>
	</size>
	<segmented>0</segmented>
	<object>
		<name>chevlogo</name>
		<pose>Unspecified</pose>
		<truncated>0</truncated>
		<difficult>0</difficult>
		<bndbox>
			<xmin>275</xmin>
			<ymin>183</ymin>
			<xmax>349</xmax>
			<ymax>267</ymax>
		</bndbox>
	</object>
</annotation>
