<annotation>
	<folder>images</folder>
	<filename>img54.jpg</filename>
	<path>content\drive\My Drive\logos\train\images\img54.jpg</path>
	<source>
		<database>Unknown</database>
	</source>
	<size>
		<width>472</width>
		<height>354</height>
		<depth>3</depth>
	</size>
	<segmented>0</segmented>
	<object>
		<name>chevlogo</name>
		<pose>Unspecified</pose>
		<truncated>0</truncated>
		<difficult>0</difficult>
		<bndbox>
			<xmin>132</xmin>
			<ymin>119</ymin>
			<xmax>340</xmax>
			<ymax>301</ymax>
		</bndbox>
	</object>
</annotation>
