<annotation>
	<folder>images</folder>
	<filename>img56.jpg</filename>
	<path>content\drive\My Drive\logos\train\images\img56.jpg</path>
	<source>
		<database>Unknown</database>
	</source>
	<size>
		<width>664</width>
		<height>487</height>
		<depth>3</depth>
	</size>
	<segmented>0</segmented>
	<object>
		<name>chevlogo</name>
		<pose>Unspecified</pose>
		<truncated>0</truncated>
		<difficult>0</difficult>
		<bndbox>
			<xmin>225</xmin>
			<ymin>124</ymin>
			<xmax>471</xmax>
			<ymax>290</ymax>
		</bndbox>
	</object>
</annotation>
