<annotation>
	<folder>images</folder>
	<filename>img58.jpg</filename>
	<path>content\drive\My Drive\logos\train\images\img58.jpg</path>
	<source>
		<database>Unknown</database>
	</source>
	<size>
		<width>570</width>
		<height>426</height>
		<depth>3</depth>
	</size>
	<segmented>0</segmented>
	<object>
		<name>chevlogo</name>
		<pose>Unspecified</pose>
		<truncated>0</truncated>
		<difficult>0</difficult>
		<bndbox>
			<xmin>152</xmin>
			<ymin>353</ymin>
			<xmax>201</xmax>
			<ymax>389</ymax>
		</bndbox>
	</object>
	<object>
		<name>chevlogo</name>
		<pose>Unspecified</pose>
		<truncated>0</truncated>
		<difficult>0</difficult>
		<bndbox>
			<xmin>525</xmin>
			<ymin>53</ymin>
			<xmax>542</xmax>
			<ymax>64</ymax>
		</bndbox>
	</object>
</annotation>
