<annotation>
	<folder>images</folder>
	<filename>img53.jpg</filename>
	<path>content\drive\My Drive\logos\train\images\img53.jpg</path>
	<source>
		<database>Unknown</database>
	</source>
	<size>
		<width>461</width>
		<height>461</height>
		<depth>3</depth>
	</size>
	<segmented>0</segmented>
	<object>
		<name>chevlogo</name>
		<pose>Unspecified</pose>
		<truncated>0</truncated>
		<difficult>0</difficult>
		<bndbox>
			<xmin>198</xmin>
			<ymin>128</ymin>
			<xmax>379</xmax>
			<ymax>316</ymax>
		</bndbox>
	</object>
</annotation>
