<annotation>
	<folder>images</folder>
	<filename>img55.jpg</filename>
	<path>content\drive\My Drive\logos\train\images\img55.jpg</path>
	<source>
		<database>Unknown</database>
	</source>
	<size>
		<width>575</width>
		<height>281</height>
		<depth>3</depth>
	</size>
	<segmented>0</segmented>
	<object>
		<name>chevlogo</name>
		<pose>Unspecified</pose>
		<truncated>0</truncated>
		<difficult>0</difficult>
		<bndbox>
			<xmin>47</xmin>
			<ymin>92</ymin>
			<xmax>170</xmax>
			<ymax>194</ymax>
		</bndbox>
	</object>
</annotation>
