<annotation>
	<folder>images</folder>
	<filename>img64.jpg</filename>
	<path>content\drive\My Drive\logos\train\images\img64.jpg</path>
	<source>
		<database>Unknown</database>
	</source>
	<size>
		<width>590</width>
		<height>323</height>
		<depth>3</depth>
	</size>
	<segmented>0</segmented>
	<object>
		<name>chevlogo</name>
		<pose>Unspecified</pose>
		<truncated>0</truncated>
		<difficult>0</difficult>
		<bndbox>
			<xmin>199</xmin>
			<ymin>104</ymin>
			<xmax>396</xmax>
			<ymax>275</ymax>
		</bndbox>
	</object>
</annotation>
