<annotation>
	<folder>images</folder>
	<filename>img65.jpg</filename>
	<path>content\drive\My Drive\logos\train\images\img65.jpg</path>
	<source>
		<database>Unknown</database>
	</source>
	<size>
		<width>400</width>
		<height>306</height>
		<depth>3</depth>
	</size>
	<segmented>0</segmented>
	<object>
		<name>chevlogo</name>
		<pose>Unspecified</pose>
		<truncated>0</truncated>
		<difficult>0</difficult>
		<bndbox>
			<xmin>77</xmin>
			<ymin>123</ymin>
			<xmax>266</xmax>
			<ymax>268</ymax>
		</bndbox>
	</object>
</annotation>
