<annotation>
	<folder>images</folder>
	<filename>img67.jpg</filename>
	<path>content\drive\My Drive\logos\train\images\img67.jpg</path>
	<source>
		<database>Unknown</database>
	</source>
	<size>
		<width>382</width>
		<height>573</height>
		<depth>3</depth>
	</size>
	<segmented>0</segmented>
	<object>
		<name>chevlogo</name>
		<pose>Unspecified</pose>
		<truncated>0</truncated>
		<difficult>0</difficult>
		<bndbox>
			<xmin>188</xmin>
			<ymin>162</ymin>
			<xmax>235</xmax>
			<ymax>200</ymax>
		</bndbox>
	</object>
	<object>
		<name>chevlogo</name>
		<pose>Unspecified</pose>
		<truncated>0</truncated>
		<difficult>0</difficult>
		<bndbox>
			<xmin>201</xmin>
			<ymin>437</ymin>
			<xmax>225</xmax>
			<ymax>461</ymax>
		</bndbox>
	</object>
</annotation>
