<annotation>
	<folder>images</folder>
	<filename>img61.jpg</filename>
	<path>content\drive\My Drive\logos\train\images\img61.jpg</path>
	<source>
		<database>Unknown</database>
	</source>
	<size>
		<width>361</width>
		<height>226</height>
		<depth>3</depth>
	</size>
	<segmented>0</segmented>
	<object>
		<name>chevlogo</name>
		<pose>Unspecified</pose>
		<truncated>0</truncated>
		<difficult>0</difficult>
		<bndbox>
			<xmin>179</xmin>
			<ymin>46</ymin>
			<xmax>300</xmax>
			<ymax>158</ymax>
		</bndbox>
	</object>
</annotation>
