<annotation>
	<folder>images</folder>
	<filename>img66.jpg</filename>
	<path>content\drive\My Drive\logos\train\images\img66.jpg</path>
	<source>
		<database>Unknown</database>
	</source>
	<size>
		<width>594</width>
		<height>445</height>
		<depth>3</depth>
	</size>
	<segmented>0</segmented>
	<object>
		<name>chevlogo</name>
		<pose>Unspecified</pose>
		<truncated>0</truncated>
		<difficult>0</difficult>
		<bndbox>
			<xmin>173</xmin>
			<ymin>58</ymin>
			<xmax>209</xmax>
			<ymax>93</ymax>
		</bndbox>
	</object>
	<object>
		<name>chevlogo</name>
		<pose>Unspecified</pose>
		<truncated>0</truncated>
		<difficult>0</difficult>
		<bndbox>
			<xmin>207</xmin>
			<ymin>293</ymin>
			<xmax>227</xmax>
			<ymax>311</ymax>
		</bndbox>
	</object>
</annotation>
