<annotation>
	<folder>images</folder>
	<filename>img68.jpg</filename>
	<path>content\drive\My Drive\logos\train\images\img68.jpg</path>
	<source>
		<database>Unknown</database>
	</source>
	<size>
		<width>608</width>
		<height>342</height>
		<depth>3</depth>
	</size>
	<segmented>0</segmented>
	<object>
		<name>chevlogo</name>
		<pose>Unspecified</pose>
		<truncated>0</truncated>
		<difficult>0</difficult>
		<bndbox>
			<xmin>254</xmin>
			<ymin>141</ymin>
			<xmax>352</xmax>
			<ymax>223</ymax>
		</bndbox>
	</object>
</annotation>
