<annotation>
	<folder>images</folder>
	<filename>img6.jpg</filename>
	<path>content\drive\My Drive\logos\train\images\img6.jpg</path>
	<source>
		<database>Unknown</database>
	</source>
	<size>
		<width>624</width>
		<height>670</height>
		<depth>3</depth>
	</size>
	<segmented>0</segmented>
	<object>
		<name>chevlogo</name>
		<pose>Unspecified</pose>
		<truncated>0</truncated>
		<difficult>0</difficult>
		<bndbox>
			<xmin>48</xmin>
			<ymin>151</ymin>
			<xmax>483</xmax>
			<ymax>572</ymax>
		</bndbox>
	</object>
</annotation>
