<annotation>
	<folder>images</folder>
	<filename>img62.jpg</filename>
	<path>content\drive\My Drive\logos\train\images\img62.jpg</path>
	<source>
		<database>Unknown</database>
	</source>
	<size>
		<width>614</width>
		<height>346</height>
		<depth>3</depth>
	</size>
	<segmented>0</segmented>
	<object>
		<name>chevlogo</name>
		<pose>Unspecified</pose>
		<truncated>0</truncated>
		<difficult>0</difficult>
		<bndbox>
			<xmin>151</xmin>
			<ymin>74</ymin>
			<xmax>452</xmax>
			<ymax>337</ymax>
		</bndbox>
	</object>
</annotation>
