<annotation>
	<folder>images</folder>
	<filename>img60.jpg</filename>
	<path>content\drive\My Drive\logos\train\images\img60.jpg</path>
	<source>
		<database>Unknown</database>
	</source>
	<size>
		<width>364</width>
		<height>584</height>
		<depth>3</depth>
	</size>
	<segmented>0</segmented>
	<object>
		<name>chevlogo</name>
		<pose>Unspecified</pose>
		<truncated>0</truncated>
		<difficult>0</difficult>
		<bndbox>
			<xmin>121</xmin>
			<ymin>111</ymin>
			<xmax>247</xmax>
			<ymax>249</ymax>
		</bndbox>
	</object>
</annotation>
