<annotation>
	<folder>images</folder>
	<filename>img72.jpg</filename>
	<path>content\drive\My Drive\logos\train\images\img72.jpg</path>
	<source>
		<database>Unknown</database>
	</source>
	<size>
		<width>581</width>
		<height>415</height>
		<depth>3</depth>
	</size>
	<segmented>0</segmented>
	<object>
		<name>chevlogo</name>
		<pose>Unspecified</pose>
		<truncated>0</truncated>
		<difficult>0</difficult>
		<bndbox>
			<xmin>164</xmin>
			<ymin>65</ymin>
			<xmax>258</xmax>
			<ymax>160</ymax>
		</bndbox>
	</object>
</annotation>
