<annotation>
	<folder>images</folder>
	<filename>img7.jpg</filename>
	<path>content\drive\My Drive\logos\train\images\img7.jpg</path>
	<source>
		<database>Unknown</database>
	</source>
	<size>
		<width>425</width>
		<height>437</height>
		<depth>3</depth>
	</size>
	<segmented>0</segmented>
	<object>
		<name>chevlogo</name>
		<pose>Unspecified</pose>
		<truncated>0</truncated>
		<difficult>0</difficult>
		<bndbox>
			<xmin>85</xmin>
			<ymin>100</ymin>
			<xmax>393</xmax>
			<ymax>381</ymax>
		</bndbox>
	</object>
</annotation>
