<annotation>
	<folder>images</folder>
	<filename>img79.jpg</filename>
	<path>content\drive\My Drive\logos\train\images\img79.jpg</path>
	<source>
		<database>Unknown</database>
	</source>
	<size>
		<width>595</width>
		<height>397</height>
		<depth>3</depth>
	</size>
	<segmented>0</segmented>
	<object>
		<name>chevlogo</name>
		<pose>Unspecified</pose>
		<truncated>0</truncated>
		<difficult>0</difficult>
		<bndbox>
			<xmin>200</xmin>
			<ymin>63</ymin>
			<xmax>403</xmax>
			<ymax>261</ymax>
		</bndbox>
	</object>
</annotation>
