<annotation>
	<folder>images</folder>
	<filename>img71.jpg</filename>
	<path>content\drive\My Drive\logos\train\images\img71.jpg</path>
	<source>
		<database>Unknown</database>
	</source>
	<size>
		<width>250</width>
		<height>250</height>
		<depth>3</depth>
	</size>
	<segmented>0</segmented>
	<object>
		<name>chevlogo</name>
		<pose>Unspecified</pose>
		<truncated>0</truncated>
		<difficult>0</difficult>
		<bndbox>
			<xmin>28</xmin>
			<ymin>96</ymin>
			<xmax>89</xmax>
			<ymax>146</ymax>
		</bndbox>
	</object>
</annotation>
