<annotation>
	<folder>images</folder>
	<filename>img76.jpg</filename>
	<path>content\drive\My Drive\logos\train\images\img76.jpg</path>
	<source>
		<database>Unknown</database>
	</source>
	<size>
		<width>570</width>
		<height>380</height>
		<depth>3</depth>
	</size>
	<segmented>0</segmented>
	<object>
		<name>chevlogo</name>
		<pose>Unspecified</pose>
		<truncated>0</truncated>
		<difficult>0</difficult>
		<bndbox>
			<xmin>93</xmin>
			<ymin>113</ymin>
			<xmax>226</xmax>
			<ymax>273</ymax>
		</bndbox>
	</object>
	<object>
		<name>chevlogo</name>
		<pose>Unspecified</pose>
		<truncated>0</truncated>
		<difficult>0</difficult>
		<bndbox>
			<xmin>335</xmin>
			<ymin>33</ymin>
			<xmax>361</xmax>
			<ymax>63</ymax>
		</bndbox>
	</object>
</annotation>
