<annotation>
	<folder>images</folder>
	<filename>img75.jpg</filename>
	<path>content\drive\My Drive\logos\train\images\img75.jpg</path>
	<source>
		<database>Unknown</database>
	</source>
	<size>
		<width>570</width>
		<height>354</height>
		<depth>3</depth>
	</size>
	<segmented>0</segmented>
	<object>
		<name>chevlogo</name>
		<pose>Unspecified</pose>
		<truncated>1</truncated>
		<difficult>0</difficult>
		<bndbox>
			<xmin>255</xmin>
			<ymin>279</ymin>
			<xmax>318</xmax>
			<ymax>354</ymax>
		</bndbox>
	</object>
</annotation>
