<annotation>
	<folder>images</folder>
	<filename>img78.jpg</filename>
	<path>content\drive\My Drive\logos\train\images\img78.jpg</path>
	<source>
		<database>Unknown</database>
	</source>
	<size>
		<width>250</width>
		<height>340</height>
		<depth>3</depth>
	</size>
	<segmented>0</segmented>
	<object>
		<name>chevlogo</name>
		<pose>Unspecified</pose>
		<truncated>0</truncated>
		<difficult>0</difficult>
		<bndbox>
			<xmin>70</xmin>
			<ymin>51</ymin>
			<xmax>100</xmax>
			<ymax>77</ymax>
		</bndbox>
	</object>
	<object>
		<name>chevlogo</name>
		<pose>Unspecified</pose>
		<truncated>0</truncated>
		<difficult>0</difficult>
		<bndbox>
			<xmin>84</xmin>
			<ymin>232</ymin>
			<xmax>101</xmax>
			<ymax>248</ymax>
		</bndbox>
	</object>
</annotation>
