<annotation>
	<folder>images</folder>
	<filename>img70.jpg</filename>
	<path>content\drive\My Drive\logos\train\images\img70.jpg</path>
	<source>
		<database>Unknown</database>
	</source>
	<size>
		<width>319</width>
		<height>480</height>
		<depth>3</depth>
	</size>
	<segmented>0</segmented>
	<object>
		<name>chevlogo</name>
		<pose>Unspecified</pose>
		<truncated>0</truncated>
		<difficult>0</difficult>
		<bndbox>
			<xmin>107</xmin>
			<ymin>108</ymin>
			<xmax>144</xmax>
			<ymax>152</ymax>
		</bndbox>
	</object>
</annotation>
