<annotation>
	<folder>images</folder>
	<filename>img77.jpg</filename>
	<path>content\drive\My Drive\logos\train\images\img77.jpg</path>
	<source>
		<database>Unknown</database>
	</source>
	<size>
		<width>564</width>
		<height>379</height>
		<depth>3</depth>
	</size>
	<segmented>0</segmented>
	<object>
		<name>chevlogo</name>
		<pose>Unspecified</pose>
		<truncated>0</truncated>
		<difficult>0</difficult>
		<bndbox>
			<xmin>396</xmin>
			<ymin>67</ymin>
			<xmax>437</xmax>
			<ymax>114</ymax>
		</bndbox>
	</object>
</annotation>
