<annotation>
	<folder>images</folder>
	<filename>img85.jpg</filename>
	<path>content\drive\My Drive\logos\train\images\img85.jpg</path>
	<source>
		<database>Unknown</database>
	</source>
	<size>
		<width>480</width>
		<height>360</height>
		<depth>3</depth>
	</size>
	<segmented>0</segmented>
	<object>
		<name>chevlogo</name>
		<pose>Unspecified</pose>
		<truncated>0</truncated>
		<difficult>0</difficult>
		<bndbox>
			<xmin>75</xmin>
			<ymin>57</ymin>
			<xmax>143</xmax>
			<ymax>118</ymax>
		</bndbox>
	</object>
</annotation>
