<annotation>
	<folder>images</folder>
	<filename>img81.jpg</filename>
	<path>content\drive\My Drive\logos\train\images\img81.jpg</path>
	<source>
		<database>Unknown</database>
	</source>
	<size>
		<width>570</width>
		<height>380</height>
		<depth>3</depth>
	</size>
	<segmented>0</segmented>
	<object>
		<name>chevlogo</name>
		<pose>Unspecified</pose>
		<truncated>0</truncated>
		<difficult>0</difficult>
		<bndbox>
			<xmin>111</xmin>
			<ymin>111</ymin>
			<xmax>215</xmax>
			<ymax>205</ymax>
		</bndbox>
	</object>
</annotation>
