<annotation>
	<folder>images</folder>
	<filename>img89.jpg</filename>
	<path>content\drive\My Drive\logos\train\images\img89.jpg</path>
	<source>
		<database>Unknown</database>
	</source>
	<size>
		<width>259</width>
		<height>194</height>
		<depth>3</depth>
	</size>
	<segmented>0</segmented>
	<object>
		<name>chevlogo</name>
		<pose>Unspecified</pose>
		<truncated>0</truncated>
		<difficult>0</difficult>
		<bndbox>
			<xmin>61</xmin>
			<ymin>35</ymin>
			<xmax>202</xmax>
			<ymax>136</ymax>
		</bndbox>
	</object>
</annotation>
