<annotation>
	<folder>images</folder>
	<filename>img83.jpg</filename>
	<path>content\drive\My Drive\logos\train\images\img83.jpg</path>
	<source>
		<database>Unknown</database>
	</source>
	<size>
		<width>539</width>
		<height>360</height>
		<depth>3</depth>
	</size>
	<segmented>0</segmented>
	<object>
		<name>chevlogo</name>
		<pose>Unspecified</pose>
		<truncated>0</truncated>
		<difficult>0</difficult>
		<bndbox>
			<xmin>324</xmin>
			<ymin>90</ymin>
			<xmax>433</xmax>
			<ymax>189</ymax>
		</bndbox>
	</object>
</annotation>
