<annotation>
	<folder>images</folder>
	<filename>img82.jpg</filename>
	<path>content\drive\My Drive\logos\train\images\img82.jpg</path>
	<source>
		<database>Unknown</database>
	</source>
	<size>
		<width>612</width>
		<height>422</height>
		<depth>3</depth>
	</size>
	<segmented>0</segmented>
	<object>
		<name>chevlogo</name>
		<pose>Unspecified</pose>
		<truncated>0</truncated>
		<difficult>0</difficult>
		<bndbox>
			<xmin>204</xmin>
			<ymin>225</ymin>
			<xmax>344</xmax>
			<ymax>347</ymax>
		</bndbox>
	</object>
</annotation>
