<annotation>
	<folder>images</folder>
	<filename>img87.jpg</filename>
	<path>content\drive\My Drive\logos\train\images\img87.jpg</path>
	<source>
		<database>Unknown</database>
	</source>
	<size>
		<width>582</width>
		<height>388</height>
		<depth>3</depth>
	</size>
	<segmented>0</segmented>
	<object>
		<name>chevlogo</name>
		<pose>Unspecified</pose>
		<truncated>0</truncated>
		<difficult>0</difficult>
		<bndbox>
			<xmin>87</xmin>
			<ymin>73</ymin>
			<xmax>123</xmax>
			<ymax>109</ymax>
		</bndbox>
	</object>
</annotation>
