<annotation>
	<folder>images</folder>
	<filename>img80.jpg</filename>
	<path>content\drive\My Drive\logos\train\images\img80.jpg</path>
	<source>
		<database>Unknown</database>
	</source>
	<size>
		<width>594</width>
		<height>382</height>
		<depth>3</depth>
	</size>
	<segmented>0</segmented>
	<object>
		<name>chevlogo</name>
		<pose>Unspecified</pose>
		<truncated>0</truncated>
		<difficult>0</difficult>
		<bndbox>
			<xmin>462</xmin>
			<ymin>49</ymin>
			<xmax>569</xmax>
			<ymax>151</ymax>
		</bndbox>
	</object>
</annotation>
