<annotation>
	<folder>images</folder>
	<filename>img86.jpg</filename>
	<path>content\drive\My Drive\logos\train\images\img86.jpg</path>
	<source>
		<database>Unknown</database>
	</source>
	<size>
		<width>592</width>
		<height>444</height>
		<depth>3</depth>
	</size>
	<segmented>0</segmented>
	<object>
		<name>chevlogo</name>
		<pose>Unspecified</pose>
		<truncated>0</truncated>
		<difficult>0</difficult>
		<bndbox>
			<xmin>152</xmin>
			<ymin>265</ymin>
			<xmax>287</xmax>
			<ymax>413</ymax>
		</bndbox>
	</object>
</annotation>
