<annotation>
	<folder>images</folder>
	<filename>img88.jpg</filename>
	<path>content\drive\My Drive\logos\train\images\img88.jpg</path>
	<source>
		<database>Unknown</database>
	</source>
	<size>
		<width>600</width>
		<height>500</height>
		<depth>3</depth>
	</size>
	<segmented>0</segmented>
	<object>
		<name>chevlogo</name>
		<pose>Unspecified</pose>
		<truncated>0</truncated>
		<difficult>0</difficult>
		<bndbox>
			<xmin>104</xmin>
			<ymin>112</ymin>
			<xmax>505</xmax>
			<ymax>461</ymax>
		</bndbox>
	</object>
</annotation>
