<annotation>
	<folder>images</folder>
	<filename>img94.jpg</filename>
	<path>content\drive\My Drive\logos\train\images\img94.jpg</path>
	<source>
		<database>Unknown</database>
	</source>
	<size>
		<width>604</width>
		<height>403</height>
		<depth>3</depth>
	</size>
	<segmented>0</segmented>
	<object>
		<name>chevlogo</name>
		<pose>Unspecified</pose>
		<truncated>0</truncated>
		<difficult>0</difficult>
		<bndbox>
			<xmin>265</xmin>
			<ymin>46</ymin>
			<xmax>375</xmax>
			<ymax>136</ymax>
		</bndbox>
	</object>
</annotation>
