<annotation>
	<folder>images</folder>
	<filename>img98.png</filename>
	<path>content\drive\My Drive\logos\train\images\img98.png</path>
	<source>
		<database>Unknown</database>
	</source>
	<size>
		<width>320</width>
		<height>292</height>
		<depth>3</depth>
	</size>
	<segmented>0</segmented>
	<object>
		<name>chevlogo</name>
		<pose>Unspecified</pose>
		<truncated>1</truncated>
		<difficult>0</difficult>
		<bndbox>
			<xmin>1</xmin>
			<ymin>8</ymin>
			<xmax>319</xmax>
			<ymax>292</ymax>
		</bndbox>
	</object>
</annotation>
