<annotation>
	<folder>images</folder>
	<filename>img90.png</filename>
	<path>content\drive\My Drive\logos\train\images\img90.png</path>
	<source>
		<database>Unknown</database>
	</source>
	<size>
		<width>250</width>
		<height>200</height>
		<depth>3</depth>
	</size>
	<segmented>0</segmented>
	<object>
		<name>chevlogo</name>
		<pose>Unspecified</pose>
		<truncated>0</truncated>
		<difficult>0</difficult>
		<bndbox>
			<xmin>34</xmin>
			<ymin>41</ymin>
			<xmax>214</xmax>
			<ymax>198</ymax>
		</bndbox>
	</object>
</annotation>
