<annotation>
	<folder>images</folder>
	<filename>img97.jpg</filename>
	<path>content\drive\My Drive\logos\train\images\img97.jpg</path>
	<source>
		<database>Unknown</database>
	</source>
	<size>
		<width>590</width>
		<height>394</height>
		<depth>3</depth>
	</size>
	<segmented>0</segmented>
	<object>
		<name>chevlogo</name>
		<pose>Unspecified</pose>
		<truncated>0</truncated>
		<difficult>0</difficult>
		<bndbox>
			<xmin>341</xmin>
			<ymin>55</ymin>
			<xmax>523</xmax>
			<ymax>190</ymax>
		</bndbox>
	</object>
</annotation>
