<annotation>
	<folder>images</folder>
	<filename>img91.jpg</filename>
	<path>content\drive\My Drive\logos\train\images\img91.jpg</path>
	<source>
		<database>Unknown</database>
	</source>
	<size>
		<width>622</width>
		<height>508</height>
		<depth>3</depth>
	</size>
	<segmented>0</segmented>
	<object>
		<name>chevlogo</name>
		<pose>Unspecified</pose>
		<truncated>0</truncated>
		<difficult>0</difficult>
		<bndbox>
			<xmin>299</xmin>
			<ymin>35</ymin>
			<xmax>339</xmax>
			<ymax>68</ymax>
		</bndbox>
	</object>
</annotation>
