<annotation>
	<folder>images</folder>
	<filename>img96.jpg</filename>
	<path>content\drive\My Drive\logos\train\images\img96.jpg</path>
	<source>
		<database>Unknown</database>
	</source>
	<size>
		<width>533</width>
		<height>400</height>
		<depth>3</depth>
	</size>
	<segmented>0</segmented>
	<object>
		<name>chevlogo</name>
		<pose>Unspecified</pose>
		<truncated>0</truncated>
		<difficult>0</difficult>
		<bndbox>
			<xmin>114</xmin>
			<ymin>140</ymin>
			<xmax>178</xmax>
			<ymax>216</ymax>
		</bndbox>
	</object>
</annotation>
