<annotation>
	<folder>images</folder>
	<filename>img92.jpg</filename>
	<path>content\drive\My Drive\logos\train\images\img92.jpg</path>
	<source>
		<database>Unknown</database>
	</source>
	<size>
		<width>595</width>
		<height>310</height>
		<depth>3</depth>
	</size>
	<segmented>0</segmented>
	<object>
		<name>chevlogo</name>
		<pose>Unspecified</pose>
		<truncated>0</truncated>
		<difficult>0</difficult>
		<bndbox>
			<xmin>262</xmin>
			<ymin>44</ymin>
			<xmax>372</xmax>
			<ymax>150</ymax>
		</bndbox>
	</object>
</annotation>
