<annotation>
	<folder>images</folder>
	<filename>img99.jpg</filename>
	<path>content\drive\My Drive\logos\train\images\img99.jpg</path>
	<source>
		<database>Unknown</database>
	</source>
	<size>
		<width>250</width>
		<height>250</height>
		<depth>3</depth>
	</size>
	<segmented>0</segmented>
	<object>
		<name>chevlogo</name>
		<pose>Unspecified</pose>
		<truncated>0</truncated>
		<difficult>0</difficult>
		<bndbox>
			<xmin>20</xmin>
			<ymin>59</ymin>
			<xmax>106</xmax>
			<ymax>108</ymax>
		</bndbox>
	</object>
</annotation>
