<annotation>
	<folder>images</folder>
	<filename>img93.jpg</filename>
	<path>content\drive\My Drive\logos\train\images\img93.jpg</path>
	<source>
		<database>Unknown</database>
	</source>
	<size>
		<width>593</width>
		<height>445</height>
		<depth>3</depth>
	</size>
	<segmented>0</segmented>
	<object>
		<name>chevlogo</name>
		<pose>Unspecified</pose>
		<truncated>0</truncated>
		<difficult>0</difficult>
		<bndbox>
			<xmin>246</xmin>
			<ymin>108</ymin>
			<xmax>396</xmax>
			<ymax>287</ymax>
		</bndbox>
	</object>
</annotation>
